S.No.,Block ,Plot Type,Plot No,Details,Sq. Yds.,Category ,SCHEDULE,Dealer,Sub Dealer,Discount,Commission,Date,Commision Recived,Payment,Number
1,A,R,3,R-003/A,125,Residential,EH0001,Group Talha,,,150000,,,,
2,A,R,4,R-004/A,125,Residential,EH0001,Group Talha,,,150000,,,,
3,A,R,5,R-005/A,125,Residential,EH0001,Group Talha,,,150000,,,,
4,A,R,15,R-015/A,125,Residential,EH0001,Group Talha,Talha Associates,,150000,,,,
5,A,R,16,R-016/A,125,Residential,EH0001,Group Talha,Talha Associates,,150000,,,,
6,A,R,17,R-017/A,125,Residential,EH0001,Group Talha,Talha Associates,,150000,,75000,250000,
7,A,R,18,R-018/A,125,Residential,EH0001,Group Talha,Friend Associates,,150000,,75000,250000,
8,A,R,19,R-019/A,125,Residential,EH0001,Group Talha,Friend Associates,,150000,,,250000,
9,A,R,20,R-020/A,125,Residential,EH0001,Group Talha,Friend Associates,,150000,,,,
10,A,R,21,R-021/A,125,Residential,EH0001,Group Talha,Taufiq Estate,,150000,,,,
11,A,R,22,R-022/A,125,Residential,EH0001,Group Talha,Taufiq Estate,,150000,,,,
12,A,R,23,R-023/A,125,Residential,EH0001,Group Talha,Talha Associates,,150000,,75000,250000,
13,A,R,24,R-024/A,125,Residential,EH0001,Group Talha,Khawaja Associate,,150000,,75000,280000,
14,A,R,25,R-025/A,125,Residential,EH0001,Group Talha,Khawaja Associate,,150000,,75000,280000,
15,A,R,26,R-026/A,125,Residential,EH0001,Group Talha,Talha Associates,,150000,,75000,250000,
16,A,R,27,R-027/A,125,Residential,EH0001,Group Talha,Talha Associates,,150000,,,250000,
17,A,R,28,R-028/A,125,Residential,EH0001,Group Talha,Taufiq Estate,,150000,,,,
18,A,R,29,R-029/A,125,Residential,EH0001,Group Talha,Taufiq Estate,,150000,,25000,200000,
19,A,R,30,R-030/A,125,Residential,EH0001,Group Talha,Taufiq Estate,,150000,,75000,250000,
20,A,R,31,R-031/A,125,Residential,EH0001,Group Talha,Taufiq Estate,,150000,,,,
21,A,R,32,R-032/A,125,Residential,EH0001,Group Talha,Talha Associates,,150000,,,,
22,A,R,33,R-033/A,125,Residential,EH0001,Group Talha,Talha Associates,,150000,,,,
23,A,R,34,R-034/A,125,Residential,EH0001,Group Talha,Talha Associates,,150000,,,,
24,A,R,35,R-035/A,125,Residential,EH0001,Group Talha,Friend Associates,,150000,,,,
25,A,R,36,R-036/A,125,Residential,EH0001,Group Talha,Friend Associates,,150000,,,,
26,A,R,37,R-037/A,125,Residential,EH0001,Group Talha,Friend Associates,,150000,,,,
27,A,R,38,R-038/A,125,Residential,EH0001,Group Talha,Friend Associates,,150000,,75000,250000,
28,A,R,123,R-123/A,125,Residential,EH0001,Group Talha,Talha Associates,,150000,,75000,250000,
29,A,R,124,R-124/A,125,Residential,EH0001,Group Talha,Friend Associates,,150000,,,,
30,A,R,125,R-125/A,125,Residential,EH0001,Group Talha,Conflict Talha/ Shan,,150000,,,250000,
31,A,R,126,R-126/A,125,Residential,EH0001,Group Talha,Friend Associates,,150000,,,,
32,A,R,127,R-127/A,125,Residential,EH0001,Group Talha,Friend Associates,,150000,,,,
33,A,R,128,R-128/A,125,Residential,EH0001,Group Talha,Friend Associates,,150000,,,,
34,A,R,129,R-129/A,125,Residential,EH0001,Group Talha,Friend Associates,,150000,,,,
35,A,R,130,R-130/A,125,Residential,EH0001,Group Talha,Friend Associates,,150000,,,,
36,A,R,131,R-131/A,125,Residential,EH0001,Group Talha,Talha Associates,,150000,,,,
37,A,R,132,R-132/A,125,Residential,EH0001,Group Talha,Talha Associates,,150000,,,,
38,A,R,133,R-133/A,125,Residential,EH0001,Group Talha,,,150000,,,,
39,A,R,134,R-134/A,125,Residential,EH0001,Group Talha,Taufiq Estate,,150000,,75000,250000,
40,A,R,135,R-135/A,125,Residential,EH0001,Group Talha,Taufiq Estate,,150000,,75000,250000,
41,A,R,136,R-136/A,125,Residential,EH0001,Group Talha,Taufiq Estate,,150000,,75000,250000,
42,A,R,137,R-137/A,125,Residential,EH0001,Group Talha,,,150000,,,,
43,A,R,138,R-138/A,125,Residential,EH0001,Group Talha,Taufiq Estate,,150000,,25000,200000,
44,A,R,139,R-139/A,125,Residential,EH0001,Group Talha,Taufiq Estate,,150000,,,,
45,A,R,140,R-140/A,125,Residential,EH0001,Group Talha,Talha Associates,,150000,,75000,250000,
46,A,R,141,R-141/A,125,Residential,EH0001,Group Talha,Talha Associates,,150000,,75000,250000,
47,A,R,142,R-142/A,125,Residential,EH0001,Group Talha,Talha Associates,,150000,,75000,250000,
48,A,R,143,R-143/A,125,Residential,EH0001,Group Talha,Khawaja Associate,,150000,,75000,250000,
49,A,R,144,R-144/A,125,Residential,EH0001,Group Talha,Khawaja Associate,,150000,,75000,250000,
50,A,R,145,R-145/A,125,Residential,EH0001,Group Talha,Talha Associates,,150000,,75000,250000,
51,A,R,146,R-146/A,125,Residential,EH0001,Group Talha,,,150000,,,,
52,A,R,147,R-147/A,125,Residential,EH0001,Group Talha,Friend Associates,,150000,,,250000,
53,A,R,148,R-148/A,125,Residential,EH0001,Group Talha,Conflict Talha/ Shan,,150000,,,250000,
54,A,R,149,R-149/A,125,Residential,EH0001,Group Talha,Conflict Talha/ Shan,,150000,,,250000,
55,A,R,150,R-150/A,125,Residential,EH0001,Group Talha,Friend Associates,,150000,,,,
56,A,R,151,R-151/A,125,Residential,EH0001,Group Talha,Friend Associates,,150000,,,,
57,A,R,152,R-152/A,125,Residential,EH0001,Group Talha,Friend Associates,,150000,,75000,250000,
58,A,R,158,R-158/A,125,Residential,EH0001,Group Talha,Taufiq Estate,,150000,,75000,250000,
59,A,R,159,R-159/A,125,Residential,EH0001,Group Talha,Taufiq Estate,,150000,,75000,250000,
60,A,R,160,R-160/A,125,Residential,EH0001,Group Talha,,,150000,,,,
61,A,R,161,R-161/A,125,Residential,EH0001,Group Talha,Taufiq Estate,,150000,,,,
62,A,R,162,R-162/A,125,Residential,EH0001,Group Talha,Talha Associates,,150000,,75000,250000,
63,A,R,163,R-163/A,125,Residential,EH0001,Group Talha,Taufiq Estate,,150000,,,250000,
64,A,R,170,R-170/A,125,Residential,EH0001,Group Talha,Khawaja Associate,,150000,,,,
65,A,R,171,R-171/A,125,Residential,EH0001,Group Talha,Khawaja Associate,,150000,,,,
66,A,R,172,R-172/A,125,Residential,EH0001,Group Talha,Khawaja Associate,,150000,,75000,300000,
67,A,R,173,R-173/A,125,Residential,EH0001,Group Talha,Khawaja Associate,,150000,,75000,300000,
68,A,R,174,R-174/A,125,Residential,EH0001,Group Talha,Khawaja Associate,,150000,,,250000,
69,A,R,175,R-175/A,125,Residential,EH0001,Group Talha,Khawaja Associate,,150000,,,250000,
70,A,R,176,R-176/A,125,Residential,EH0001,Group Talha,,,150000,,,,
71,A,R,177,R-177/A,125,Residential,EH0001,Group Talha,Talha Associates,,150000,,,,
72,A,R,178,R-178/A,125,Residential,EH0001,Group Talha,,,150000,,,,
73,A,R,179,R-179/A,125,Residential,EH0001,Group Talha,Taufiq Estate,,150000,,75000,250000,
74,A,R,180,R-180/A,125,Residential,EH0001,Group Talha,Taufiq Estate,,150000,,75000,,
75,A,R,181,R-181/A,125,Residential,EH0001,Group Talha,Taufiq Estate,,150000,,,,
76,A,R,182,R-182/A,125,Residential,EH0001,Group Talha,Taufiq Estate,,150000,,,,
77,A,R,183,R-183/A,125,Residential,EH0001,Group Talha,Taufiq Estate,,150000,,,,
78,A,R,184,R-184/A,125,Residential,EH0001,Group Talha,Taufiq Estate,,150000,,,,
79,A,R,210,R-210/A,125,Residential,EH0001,Group Talha,,,150000,,,,
80,A,R,211,R-211/A,125,Residential,EH0001,Group Talha,Friend Associates,,150000,,75000,250000,
81,A,R,212,R-212/A,125,Residential,EH0001,Group Talha,Friend Associates,,150000,,75000,250000,
82,A,R,213,R-213/A,125,Residential,EH0001,Group Talha,Friend Associates,,150000,,75000,250000,
83,A,R,214,R-214/A,125,Residential,EH0001,Group Talha,Friend Associates,,150000,,75000,250000,
84,A,R,255,R-255/A,125,Residential,EH0001,Group Talha,Talha Associates,,150000,,,,
85,A,R,256,R-256/A,125,Residential,EH0001,Group Talha,Talha Associates,,150000,,,250000,
86,A,R,257,R-257/A,125,Residential,EH0001,Group Talha,Talha Associates,,150000,,75000,250000,
87,A,R,258,R-258/A,125,Residential,EH0001,Group Talha,Talha Associates,,150000,,75000,250000,
88,A,R,259,R-259/A,125,Residential,EH0001,Group Talha,Talha Associates,,150000,,,225000,
89,A,R,260,R-260/A,125,Residential,EH0001,Group Talha,Talha Associates,,150000,,,225000,
90,A,R,265,R-265/A,125,Residential,EH0001,Group Talha,Talha Associates,,150000,,,,
91,A,R,266,R-266/A,125,Residential,EH0001,Group Talha,,,150000,,,,
92,A,R,267,R-267/A,125,Residential,EH0001,Group Talha,,,150000,,,,
93,A,R,268,R-268/A,125,Residential,EH0001,Group Talha,,,150000,,,,
94,A,R,60,R-060/A,125,Residential,EH0001,Group Talha,Taufiq Estate,,150000,,75000,250000,
95,A,SR,7,SR-007/A,100,Commercial,EH0001,Group Talha,Friend Associates,,200000,,,,
96,A,SR,8,SR-008/A,100,Commercial,EH0001,Group Talha,Friend Associates,,200000,,,,
97,A,SR,9,SR-009/A,100,Commercial,EH0001,Group Talha,Talha Associates,,200000,,,950000,
98,A,SR,10,SR-010/A,100,Commercial,EH0001,Group Talha,Talha Associates,,200000,,,950000,
99,A,SR,11,SR-011/A,100,Commercial,EH0001,Group Talha,Taufiq Estate,,200000,,,,
100,A,SR,12,SR-012/A,100,Commercial,EH0001,Group Talha,Taufiq Estate,,200000,,,,
101,A,SR,13,SR-013/A,100,Commercial,EH0001,Group Talha,Taufiq Estate,,200000,,,,
102,A,SR,14,SR-014/A,100,Commercial,EH0001,Group Talha,Taufiq Estate,,200000,,,,
103,A,SR,15,SR-015/A,100,Commercial,EH0001,Group Talha,Taufiq Estate,,200000,,,,
104,A,SR,16,SR-016/A,100,Commercial,EH0001,Group Talha,Khawaja Associate,,200000,,,,
105,A,SR,17,SR-017/A,100,Commercial,EH0001,Group Talha,Friend Associates,,200000,,,,
106,A,SR,18,SR-018/A,100,Commercial,EH0001,Group Talha,Talha Associates,,200000,,,950000,
107,A,SR,19,SR-019/A,100,Commercial,EH0001,Group Talha,Friend Associates,,200000,,,,
108,A,SR,20,SR-020/A,100,Commercial,EH0001,Group Talha,Talha Associates,,200000,,,950000,
109,C,R,2,R-002/C,125,Residential,EH0001,Group Talha,Khawaja Associate,,150000,,,,
110,C,R,3,R-003/C,125,Residential,EH0001,Group Talha,,,150000,,,,
111,C,R,4,R-004/C,125,Residential,EH0001,Group Talha,,,150000,,,,
112,C,R,5,R-005/C,125,Residential,EH0001,Group Talha,,,150000,,,,
113,C,R,6,R-006/C,125,Residential,EH0001,Group Talha,Friend Associates,,150000,,,,
114,C,R,7,R-007/C,125,Residential,EH0001,Group Talha,Friend Associates,,150000,,,,
115,C,R,8,R-008/C,125,Residential,EH0001,Group Talha,Friend Associates,,150000,,,,
116,C,R,9,R-009/C,125,Residential,EH0001,Group Talha,Friend Associates,,150000,,,,
117,C,R,10,R-010/C,125,Residential,EH0001,Group Talha,Talha Associates,,150000,,,250000,
118,C,R,11,R-011/C,125,Residential,EH0001,Group Talha,Talha Associates,,150000,,,250000,
119,C,R,12,R-012/C,125,Residential,EH0001,Group Talha,Talha Associates,,150000,,,250000,
120,C,R,13,R-013/C,125,Residential,EH0001,Group Talha,Talha Associates,,150000,,,250000,
121,C,R,14,R-014/C,125,Residential,EH0001,Group Talha,Taufiq Estate,,150000,,75000,250000,
122,C,R,15,R-015/C,125,Residential,EH0001,Group Talha,Taufiq Estate,,150000,,75000,250000,
123,C,R,16,R-016/C,125,Residential,EH0001,Group Talha,Taufiq Estate,,150000,,,,
124,C,R,17,R-017/C,125,Residential,EH0001,Group Talha,Taufiq Estate,,150000,,,,
125,C,R,18,R-018/C,125,Residential,EH0001,Group Talha,Taufiq Estate,,150000,,,,
126,C,R,44,R-044/C,125,Residential,EH0001,Group Talha,,,150000,,,,
127,C,R,148,R-148/C,125,Residential,EH0001,Group Talha,Talha Associates,,150000,,75000,300000,
128,C,R,149,R-149/C,125,Residential,EH0001,Group Talha,Taufiq Estate,,150000,,75000,300000,
129,C,R,150,R-150/C,125,Residential,EH0001,Group Talha,Taufiq Estate,,150000,,75000,250000,
130,C,R,151,R-151/C,125,Residential,EH0001,Group Talha,,,150000,,,,
131,C,R,152,R-152/C,125,Residential,EH0001,Group Talha,,,150000,,,,
132,C,R,153,R-153/C,125,Residential,EH0001,Group Talha,,,150000,,,,
133,C,R,154,R-154/C,125,Residential,EH0001,Group Talha,Talha Associates,,150000,,75000,250000,
134,C,R,155,R-155/C,125,Residential,EH0001,Group Talha,Talha Associates,,150000,,75000,250000,
135,C,L,1,L-001/C,80,Residential,EH0001,Group Talha,Talha Associates,,100000,,,,
136,C,L,2,L-002/C,80,Residential,EH0001,Group Talha,Friend Associates,,100000,,50000,200000,
137,C,L,3,L-003/C,80,Residential,EH0001,Group Talha,Friend Associates,,100000,,50000,200000,
138,C,L,4,L-004/C,80,Residential,EH0001,Group Talha,Khawaja Associate,,100000,,,,
139,C,L,5,L-005/C,80,Residential,EH0001,Group Talha,Khawaja Associate,,100000,,,,
140,C,L,6,L-006/C,80,Residential,EH0001,Group Talha,Taufiq Estate,,100000,,,,
141,C,L,7,L-007/C,80,Residential,EH0001,Group Talha,Taufiq Estate,,100000,,,,
142,C,L,8,L-008/C,80,Residential,EH0001,Group Talha,Talha Associates,,100000,,,,
143,C,L,9,L-009/C,80,Residential,EH0001,Group Talha,Talha Associates,,100000,,,,
144,B,L,1,L-001/B,80,Residential,EH0001,Group Talha,Taufiq Estate,,100000,,,,
145,B,L,2,L-002/B,80,Residential,EH0001,Group Talha,Talha Associates,,100000,,50000,200000,
146,B,L,3,L-003/B,80,Residential,EH0001,Group Talha,Talha Associates,,100000,,50000,200000,
147,B,L,4,L-004/B,80,Residential,EH0001,Group Talha,Talha Associates,,100000,,50000,200000,
148,B,L,5,L-005/B,80,Residential,EH0001,Group Talha,Friend Associates,,100000,,50000,200000,
149,B,L,6,L-006/B,80,Residential,EH0001,Group Talha,Talha Associates,,100000,,50000,200000,
150,B,L,7,L-007/B,80,Residential,EH0001,Group Talha,Friend Associates,,100000,,50000,200000,
151,B,L,8,L-008/B,80,Residential,EH0001,Group Talha,Talha Associates,,100000,,,,
152,B,L,9,L-009/B,80,Residential,EH0001,Group Talha,Talha Associates,,100000,,,,
153,B,L,10,L-010/B,80,Residential,EH0001,Group Talha,Talha Associates,,100000,,,,
154,B,L,11,L-011/B,80,Residential,EH0001,Group Talha,Taufiq Estate,,100000,,,,
155,B,L,12,L-012/B,80,Residential,EH0001,Group Talha,Taufiq Estate,,100000,,,,
156,B,L,13,L-013/B,80,Residential,EH0001,Group Talha,Taufiq Estate,,100000,,,,
157,B,L,14,L-014/B,80,Residential,EH0001,Group Talha,Friend Associates,,100000,,,200000,
158,B,L,15,L-015/B,80,Residential,EH0001,Group Talha,Friend Associates,,100000,,,,
159,B,L,16,L-016/B,80,Residential,EH0001,Group Talha,,,100000,,,,
160,B,L,17,L-017/B,80,Residential,EH0001,Group Talha,,,100000,,,,
161,B,L,18,L-018/B,80,Residential,EH0001,Group Talha,Khawaja Associate,,100000,,50000,200000,
162,B,L,19,L-019/B,80,Residential,EH0001,Group Talha,Taufiq Estate,,100000,,50000,200000,
163,B,L,20,L-020/B,80,Residential,EH0001,Group Talha,Talha Associates,,100000,,50000,200000,
164,B,L,21,L-021/B,80,Residential,EH0001,Group Talha,Friend Associates,,100000,,50000,200000,
165,B,L,22,L-022/B,80,Residential,EH0001,Group Talha,Friend Associates,,100000,,50000,200000,
166,B,L,23,L-023/B,80,Residential,EH0001,Group Talha,Friend Associates,,100000,,50000,200000,
167,B,L,24,L-024/B,80,Residential,EH0001,Group Talha,Friend Associates,,100000,,50000,200000,
168,B,L,25,L-025/B,80,Residential,EH0001,Group Talha,Taufiq Estate,,100000,,,,
169,B,L,26,L-026/B,80,Residential,EH0001,Group Talha,Talha Associates,,100000,,,,
170,B,L,27,L-027/B,80,Residential,EH0001,Group Talha,Talha Associates,,100000,,,,
171,B,L,28,L-028/B,80,Residential,EH0001,Group Talha,Talha Associates,,100000,,,,
172,B,L,29,L-029/B,80,Residential,EH0001,Group Talha,Talha Associates,,100000,,,,
173,B,L,30,L-030/B,80,Residential,EH0001,Group Talha,Taufiq Estate,,100000,,,,
174,B,L,31,L-031/B,80,Residential,EH0001,Group Talha,Talha Associates,,100000,,50000,200000,
175,B,L,32,L-032/B,80,Residential,EH0001,Group Talha,Talha Associates,,100000,,50000,200000,
176,B,L,33,L-033/B,80,Residential,EH0001,Group Talha,Friend Associates,,100000,,50000,200000,
177,B,L,34,L-034/B,80,Residential,EH0001,Group Talha,Taufiq Estate,,100000,,,,
178,B,L,35,L-035/B,80,Residential,EH0001,Group Talha,Taufiq Estate,,100000,,,,
179,B,L,36,L-036/B,80,Residential,EH0001,Group Talha,Taufiq Estate,,100000,,,,
180,B,L,37,L-037/B,80,Residential,EH0001,Group Talha,Talha Associates,,100000,,,,
181,B,L,38,L-038/B,80,Residential,EH0001,Group Talha,Talha Associates,,100000,,,,
182,B,L,123,L-123/B,80,Residential,EH0001,Group Talha,Talha Associates,,100000,,,,
183,B,L,124,L-124/B,80,Residential,EH0001,Group Talha,Friend Associates,,100000,,50000,200000,
184,B,L,125,L-125/B,80,Residential,EH0001,Group Talha,Friend Associates,,100000,,50000,200000,
185,B,L,126,L-126/B,80,Residential,EH0001,Group Talha,Taufiq Estate,,100000,,,,
186,B,L,127,L-127/B,80,Residential,EH0001,Group Talha,Taufiq Estate,,100000,,,,
187,B,L,128,L-128/B,80,Residential,EH0001,Group Talha,Khawaja Associate,,100000,,,,
188,B,L,129,L-129/B,80,Residential,EH0001,Group Talha,Talha Associates,,100000,,,,
189,B,L,130,L-130/B,80,Residential,EH0001,Group Talha,Talha Associates,,100000,,50000,200000,
190,B,L,131,L-131/B,80,Residential,EH0001,Group Talha,Khawaja Associate,,100000,,,,
191,B,L,132,L-132/B,80,Residential,EH0001,Group Talha,Khawaja Associate,,100000,,,,
192,B,SR,1,SR-001/B,100,Commercial,EH0001,Group Talha,,,200000,,,,
193,B,SR,2,SR-002/B,100,Commercial,EH0001,Group Talha,,,200000,,,,
194,B,SR,3,SR-003/B,100,Commercial,EH0001,Group Talha,,,200000,,,,
195,B,SR,4,SR-004/B,100,Commercial,EH0001,Group Talha,Talha Associates,,200000,,,950000,
196,B,SR,5,SR-005/B,100,Commercial,EH0001,Group Talha,Talha Associates,,200000,,,950000,
197,B,SR,6,SR-006/B,100,Commercial,EH0001,Group Talha,Friend Associates,,200000,,,,
198,B,SR,7,SR-007/B,100,Commercial,EH0001,Group Talha,Friend Associates,,200000,,,,
199,B,SR,8,SR-008/B,100,Commercial,EH0001,Group Talha,Friend Associates,,200000,,,,
200,B,SR,9,SR-009/B,100,Commercial,EH0001,Group Talha,Taufiq Estate,,200000,,,950000,
201,B,SR,14,SR-014/B,100,Commercial,EH0001,Group Talha,Talha Associates,,200000,,,,
202,B,SR,16,SR-016/B,100,Commercial,EH0001,Group Talha,Khawaja Associate,,200000,,,950000,
203,B,SR,17,SR-017/B,100,Commercial,EH0001,Group Talha,Khawaja Associate,,200000,,,,
204,B,SR,18,SR-018/B,100,Commercial,EH0001,Group Talha,,,200000,,,,
205,B,SR,19,SR-019/B,100,Commercial,EH0001,Group Talha,,,200000,,,,
206,B,SR,20,SR-020/B,100,Commercial,EH0001,Group Talha,,,200000,,,,
207,B,SR,21,SR-021/B,100,Commercial,EH0001,Group Talha,,,200000,,,,
208,B,R,1,R-001/B,125,Residential,EH0001,Group Talha,Talha Associates,,150000,,,,
209,B,R,2,R-002/B,125,Residential,EH0001,Group Talha,Talha Associates,,150000,,,250000,
210,B,R,3,R-003/B,125,Residential,EH0001,Group Talha,Talha Associates,,150000,,,,
211,B,R,4,R-004/B,125,Residential,EH0001,Group Talha,Khawaja Associate,,150000,,,,
212,B,R,5,R-005/B,125,Residential,EH0001,Group Talha,Khawaja Associate,,150000,,,,
213,B,R,6,R-006/B,125,Residential,EH0001,Group Talha,Khawaja Associate,,150000,,,,
214,B,R,7,R-007/B,125,Residential,EH0001,Group Talha,Khawaja Associate,,150000,,,,
215,B,R,8,R-008/B,125,Residential,EH0001,Group Talha,Khawaja Associate,,150000,,75000,250000,
216,B,R,9,R-009/B,125,Residential,EH0001,Group Talha,Talha Associates,,150000,,,,
217,B,R,10,R-010/B,125,Residential,EH0001,Group Talha,Talha Associates,,150000,,,,
218,B,R,21,R-021/B,125,Residential,EH0001,Group Talha,Friend Associates,,150000,,75000,250000,
219,B,R,22,R-022/B,125,Residential,EH0001,Group Talha,Friend Associates,,150000,,75000,250000,
220,B,R,23,R-023/B,125,Residential,EH0001,Group Talha,Friend Associates,,150000,,,,
221,B,R,24,R-024/B,125,Residential,EH0001,Group Talha,Friend Associates,,150000,,,,
222,B,R,25,R-025/B,125,Residential,EH0001,Group Talha,Friend Associates,,150000,,,,
223,B,R,26,R-026/B,125,Residential,EH0001,Group Talha,Friend Associates,,150000,,,,
224,B,R,27,R-027/B,125,Residential,EH0001,Group Talha,Taufiq Estate,,150000,,,,
225,B,R,28,R-028/B,125,Residential,EH0001,Group Talha,Taufiq Estate,,150000,,,,
226,B,R,29,R-029/B,125,Residential,EH0001,Group Talha,Friend Associates,,150000,,,,
227,B,R,40,R-040/B,125,Residential,EH0001,Group Talha,Taufiq Estate,,150000,,75000,250000,
228,B,R,41,R-041/B,125,Residential,EH0001,Group Talha,Taufiq Estate,,150000,,75000,250000,
229,B,R,42,R-042/B,125,Residential,EH0001,Group Talha,Taufiq Estate,,150000,,75000,250000,
230,B,R,43,R-043/B,125,Residential,EH0001,Group Talha,Talha Associates,,150000,,75000,250000,
231,B,R,44,R-044/B,125,Residential,EH0001,Group Talha,Talha Associates,,150000,,75000,250000,
232,B,R,79,R-079/B,125,Residential,EH0001,Group Talha,Talha Associates,,150000,,75000,250000,
233,B,R,80,R-080/B,125,Residential,EH0001,Group Talha,Taufiq Estate,,150000,,75000,250000,
234,B,R,81,R-081/B,125,Residential,EH0001,Group Talha,Taufiq Estate,,150000,,,,
235,B,R,82,R-082/B,125,Residential,EH0001,Group Talha,Taufiq Estate,,150000,,,,
236,B,R,83,R-083/B,125,Residential,EH0001,Group Talha,Talha Associates,,150000,,75000,250000,
237,B,R,84,R-084/B,125,Residential,EH0001,Group Talha,Talha Associates,,150000,,,250000,
238,B,R,85,R-085/B,125,Residential,EH0001,Group Talha,Taufiq Estate,,150000,,,,
239,B,R,86,R-086/B,125,Residential,EH0001,Group Talha,Friend Associates,,150000,,,,
240,B,R,87,R-087/B,125,Residential,EH0001,Group Talha,Friend Associates,,150000,,,,
241,B,R,90,R-090/B,125,Residential,EH0001,Group Talha,Friend Associates,,,,,,
242,B,R,91,R-091/B,125,Residential,EH0001,Group Talha,Friend Associates,,150000,,,,
243,B,R,92,R-092/B,125,Residential,EH0001,Group Talha,Talha Associates,,150000,,,,
244,B,R,93,R-093/B,125,Residential,EH0001,Group Talha,Talha Associates,,150000,,,250000,
245,B,R,94,R-094/B,125,Residential,EH0001,Group Talha,Talha Associates,,150000,,,250000,
246,B,R,95,R-095/B,125,Residential,EH0001,Group Talha,Talha Associates,,150000,,,250000,
247,B,R,96,R-096/B,125,Residential,EH0001,Group Talha,Talha Associates,,150000,,,250000,
248,A,LS,1,LS-001/A,90,Commercial,EH0001,Group Talha,Talha Associates,,300000,,,800000,
249,A,LS,2,LS-002/A,90,Commercial,EH0001,Group Talha,Friend Associates,,300000,,,,
250,A,LS,3,LS-003/A,90,Commercial,EH0001,Group Talha,Friend Associates,,300000,,,,
251,A,LS,4,LS-004/A,90,Commercial,EH0001,Group Talha,Taufiq Estate,,300000,,,,
252,A,LS,5,LS-005/A,90,Commercial,EH0001,Group Talha,Talha Associates,,300000,,,,
253,A,LS,6,LS-006/A,90,Commercial,EH0001,Group Talha,Taufiq Estate,,300000,,,,
254,A,R,56,R-056/A,125,Residential,EH0001,Talha Wahid 1,Talha Associates,,100000,,,250000,
255,A,R,57,R-057/A,125,Residential,EH0001,Talha Wahid 1,Talha Associates,,100000,,,250000,
256,A,R,58,R-058/A,125,Residential,EH0001,Talha Wahid 1,Talha Associates,,100000,,,250000,
257,A,R,59,R-059/A,125,Residential,EH0001,Talha Wahid 1,Talha Associates,,100000,,,250000,
258,A,R,185,R-185/A,125,Residential,EH0001,Talha Wahid 1,Talha Associates,,100000,,,,
259,A,R,186,R-186/A,125,Residential,EH0001,Talha Wahid 1,Talha Associates,,100000,,,250000,
260,A,R,187,R-187/A,125,Residential,EH0001,Talha Wahid 1,Talha Associates,,100000,,,,
261,A,R,188,R-188/A,125,Residential,EH0001,Talha Wahid 1,Talha Associates,,100000,,,,
262,A,R,189,R-189/A,125,Residential,EH0001,Talha Wahid 1,Talha Associates,,100000,,,,
263,A,R,190,R-190/A,125,Residential,EH0001,Talha Wahid 1,Talha Associates,,100000,,,,
264,A,R,191,R-191/A,125,Residential,EH0001,Talha Wahid 1,Talha Associates,,100000,,,,
265,A,R,192,R-192/A,125,Residential,EH0001,Talha Wahid 1,Talha Associates,,100000,,,,
266,A,R,193,R-193/A,125,Residential,EH0001,Talha Wahid 1,Talha Associates,,100000,,,,
267,A,R,269,R-269/A,125,Residential,EH0001,Talha Wahid 1,Talha Associates,,100000,,,,
268,A,R,270,R-270/A,125,Residential,EH0001,Talha Wahid 1,Talha Associates,,100000,,,,
269,A,R,271,R-271/A,125,Residential,EH0001,Talha Wahid 1,Talha Associates,,100000,,50000,250000,
270,A,R,272,R-272/A,125,Residential,EH0001,Talha Wahid 1,Talha Associates,,100000,,,,
271,B,R,66,R-066/B,125,Residential,EH0001,Talha Wahid 1,Talha Associates,,100000,,,,
272,B,R,67,R-067/B,125,Residential,EH0001,Talha Wahid 1,Talha Associates,,100000,,,,
273,B,R,68,R-068/B,125,Residential,EH0001,Talha Wahid 1,Talha Associates,,100000,,,,
274,B,R,69,R-069/B,125,Residential,EH0001,Talha Wahid 1,Talha Associates,,100000,,,,
275,B,R,70,R-070/B,125,Residential,EH0001,Talha Wahid 1,Talha Associates,,100000,,,,
276,B,R,71,R-071/B,125,Residential,EH0001,Talha Wahid 1,Talha Associates,,100000,,,,
277,B,R,72,R-072/B,125,Residential,EH0001,Talha Wahid 1,Talha Associates,,100000,,,,
278,B,R,73,R-073/B,125,Residential,EH0001,Talha Wahid 1,Talha Associates,,100000,,,,
279,B,L,89,L-089/B,80,Residential,EH0001,Talha Wahid 1,Talha Associates,,75000,,,,
280,B,L,90,L-090/B,80,Residential,EH0001,Talha Wahid 1,Talha Associates,,75000,,,,
281,B,L,91,L-091/B,80,Residential,EH0001,Talha Wahid 1,Talha Associates,,75000,,,,
282,B,L,92,L-092/B,80,Residential,EH0001,Talha Wahid 1,Talha Associates,,75000,,,,
283,B,L,93,L-093/B,80,Residential,EH0001,Talha Wahid 1,Talha Associates,,75000,,,,
284,B,L,94,L-094/B,80,Residential,EH0001,Talha Wahid 1,Talha Associates,,75000,,,,
285,B,L,95,L-095/B,80,Residential,EH0001,Talha Wahid 1,Talha Associates,,75000,,,,
286,C,L,30,L-030/C,80,Residential,EH0001,Talha Wahid 1,Talha Associates,,75000,,,,
287,C,L,31,L-031/C,80,Residential,EH0001,Talha Wahid 1,Talha Associates,,75000,,,,
288,C,L,32,L-032/C,80,Residential,EH0001,Talha Wahid 1,Talha Associates,,75000,,,,
289,C,L,33,L-033/C,80,Residential,EH0001,Talha Wahid 1,Talha Associates,,75000,,,,
290,C,L,34,L-034/C,80,Residential,EH0001,Talha Wahid 1,Talha Associates,,75000,,,,
291,C,L,35,L-035/C,80,Residential,EH0001,Talha Wahid 1,Talha Associates,,75000,,,,
292,C,L,36,L-036/C,80,Residential,EH0001,Talha Wahid 1,Talha Associates,,75000,,,,
293,C,L,37,L-037/C,80,Residential,EH0001,Talha Wahid 1,Talha Associates,,75000,,,,
294,C,L,38,L-038/C,80,Residential,EH0001,Talha Wahid 1,Talha Associates,,75000,,,,
295,C,L,39,L-039/C,80,Residential,EH0001,Talha Wahid 1,Talha Associates,,75000,,,,
296,C,L,40,L-040/C,80,Residential,EH0001,Talha Wahid 1,Talha Associates,,75000,,,,
297,C,L,41,L-041/C,80,Residential,EH0001,Talha Wahid 1,Talha Associates,,75000,,,,
298,C,L,42,L-042/C,80,Residential,EH0001,Talha Wahid 1,Talha Associates,,75000,,,,
299,C,L,43,L-043/C,80,Residential,EH0001,Talha Wahid 1,Talha Associates,,75000,,,,
300,C,L,44,L-044/C,80,Residential,EH0001,Talha Wahid 1,Talha Associates,,75000,,,,
301,C,L,45,L-045/C,80,Residential,EH0001,Talha Wahid 1,Talha Associates,,75000,,,,
302,C,L,46,L-046/C,80,Residential,EH0001,Talha Wahid 1,Talha Associates,,75000,,,,
303,C,L,47,L-047/C,80,Residential,EH0001,Talha Wahid 1,Talha Associates,,75000,,,,
304,C,L,48,L-048/C,80,Residential,EH0001,Talha Wahid 1,Talha Associates,,75000,,,,
305,C,L,49,L-049/C,80,Residential,EH0001,Talha Wahid 1,Talha Associates,,75000,,,,
306,C,L,59,L-059/C,80,Residential,EH0001,Talha Wahid 1,Talha Associates,,75000,,,,
307,C,L,60,L-060/C,80,Residential,EH0001,Talha Wahid 1,Talha Associates,,75000,,,,
308,C,L,61,L-061/C,80,Residential,EH0001,Talha Wahid 1,Talha Associates,,75000,,,,
309,C,L,62,L-062/C,80,Residential,EH0001,Talha Wahid 1,Talha Associates,,75000,,,,
310,C,L,63,L-063/C,80,Residential,EH0001,Talha Wahid 1,Talha Associates,,75000,,,,
311,C,L,64,L-064/C,80,Residential,EH0001,Talha Wahid 1,Talha Associates,,75000,,,,
312,C,L,65,L-065/C,80,Residential,EH0001,Talha Wahid 1,Talha Associates,,75000,,,,
313,C,L,66,L-066/C,80,Residential,EH0001,Talha Wahid 1,Talha Associates,,75000,,,,
314,A,R,215,R-215/A,125,Residential,EH0001,Shan Malik,Taufiq Estate,,,44613,,,
315,A,R,216,R-216/A,125,Residential,EH0001,Shan Malik,Taufiq Estate,,,44613,,,
316,A,R,44,R-044/A,125,Residential,EH0002,Shan Malik,Royal Estate,,200000,44613,,,
317,A,R,45,R-045/A,125,Residential,EH0002,Shan Malik,Royal Estate,,200000,44613,,,
318,A,R,46,R-046/A,125,Residential,EH0002,Shan Malik,Royal Estate,,200000,44613,,,
319,A,R,50,R-050/A,125,Residential,EH0002,Shan Malik,Royal Estate,,200000,44613,,,
320,A,R,51,R-051/A,125,Residential,EH0002,Shan Malik,Royal Estate,,200000,44613,,,
321,A,R,52,R-052/A,125,Residential,EH0002,Shan Malik,Royal Estate,,200000,44613,,,
322,A,R,53,R-053/A,125,Residential,EH0002,Shan Malik,Royal Estate,,200000,44613,,,
323,A,R,54,R-054/A,125,Residential,EH0002,Shan Malik,Royal Estate,,200000,44613,,,
324,A,R,55,R-055/A,125,Residential,EH0002,Shan Malik,Royal Estate,,200000,44613,,,
325,A,R,61,R-061/A,125,Residential,EH0002,Shan Malik,Royal Estate,,200000,44613,,,
326,A,R,62,R-062/A,125,Residential,EH0002,Shan Malik,Royal Estate,,200000,44613,,,
327,A,R,63,R-063/A,125,Residential,EH0002,Shan Malik,Royal Estate,,200000,44613,,,
328,A,R,64,R-064/A,125,Residential,EH0002,Shan Malik,Royal Estate,,200000,44613,,,
329,A,R,65,R-065/A,125,Residential,EH0001,Shan Malik,Taufiq Estate,,,44613,,,
330,A,R,66,R-066/A,125,Residential,EH0001,Shan Malik,Taufiq Estate,,,44613,,,
331,A,R,77,R-077/A,125,Residential,EH0002,Shan Malik,Royal Estate,,200000,44613,,300000,
332,A,R,78,R-078/A,125,Residential,EH0002,Shan Malik,Royal Estate,,200000,44613,,,
333,B,R,45,R-045/B,125,Residential,EH0001,Shan Malik,Taufiq Estate,,,44613,,,
334,B,R,46,R-046/B,125,Residential,EH0001,Shan Malik,Taufiq Estate,,,44613,,,
335,B,R,49,R-049/B,125,Residential,EH0002,Shan Malik,Royal Estate,,200000,44613,,,
336,B,R,50,R-050/B,125,Residential,EH0002,Shan Malik,Royal Estate,,200000,44613,,,
337,B,R,51,R-051/B,125,Residential,EH0002,Shan Malik,Royal Estate,,200000,44613,,,
338,B,R,52,R-052/B,125,Residential,EH0002,Shan Malik,Royal Estate,,200000,44613,,,
339,B,R,53,R-053/B,125,Residential,EH0002,Shan Malik,Royal Estate,,200000,44613,,,
340,B,R,54,R-054/B,125,Residential,EH0001,Shan Malik,Taufiq Estate,,,44613,,,
341,B,R,55,R-055/B,125,Residential,EH0001,Shan Malik,Taufiq Estate,,,44613,,,
342,B,R,56,R-056/B,125,Residential,EH0002,Shan Malik,Royal Estate,,200000,44613,,,
343,B,R,57,R-057/B,125,Residential,EH0001,Shan Malik,Taufiq Estate,,,44613,,,
344,B,R,58,R-058/B,125,Residential,EH0002,Shan Malik,Royal Estate,,200000,44613,,,
345,B,R,59,R-059/B,125,Residential,EH0002,Shan Malik,Royal Estate,,200000,44613,,,
346,B,R,60,R-060/B,125,Residential,EH0002,Shan Malik,Royal Estate,,200000,44613,,,
347,C,R,92,R-092/C,125,Residential,EH0001,Shan Malik,Taufiq Estate,,,44613,,,
348,C,R,93,R-093/C,125,Residential,EH0001,Shan Malik,Taufiq Estate,,,44613,,,
349,C,R,94,R-094/C,125,Residential,EH0001,Shan Malik,Taufiq Estate,,,44613,,,
350,C,R,95,R-095/C,125,Residential,EH0001,Shan Malik,Taufiq Estate,,,44613,,,
351,C,R,96,R-096/C,125,Residential,EH0001,Shan Malik,Taufiq Estate,,,44613,,,
352,C,R,97,R-097/C,125,Residential,EH0001,Shan Malik,Taufiq Estate,,,44613,,,
353,C,R,98,R-098/C,125,Residential,EH0001,Shan Malik,Taufiq Estate,,,44613,,,
354,C,R,99,R-099/C,125,Residential,EH0002,Shan Malik,Royal Estate,,200000,44613,,,
355,C,R,100,R-100/C,125,Residential,EH0002,Shan Malik,Royal Estate,,200000,44613,,,
356,C,R,101,R-101/C,125,Residential,EH0002,Shan Malik,Royal Estate,,200000,44613,,,
357,C,R,102,R-102/C,125,Residential,EH0002,Shan Malik,Royal Estate,,200000,44613,,,
358,C,R,103,R-103/C,125,Residential,EH0002,Shan Malik,Royal Estate,,200000,44613,,,
359,C,R,104,R-104/C,125,Residential,EH0001,Shan Malik,Taufiq Estate,,,44613,,,
360,C,R,105,R-105/C,125,Residential,EH0001,Shan Malik,Taufiq Estate,,,44613,,,
361,C,R,106,R-106/C,125,Residential,EH0001,Shan Malik,Taufiq Estate,,,44613,,,
362,C,R,107,R-107/C,125,Residential,EH0001,Shan Malik,Taufiq Estate,,,44613,,,
363,C,R,108,R-108/C,125,Residential,EH0001,Shan Malik,Taufiq Estate,,,44613,,,
364,C,R,109,R-109/C,125,Residential,EH0001,Shan Malik,Taufiq Estate,,,44613,,,
365,C,R,110,R-110/C,125,Residential,EH0001,Shan Malik,Taufiq Estate,,,44613,,,
366,C,R,111,R-111/C,125,Residential,EH0001,Shan Malik,Taufiq Estate,,,44613,,,
367,C,R,112,R-112/C,125,Residential,EH0001,Shan Malik,Taufiq Estate,,,44613,,,
368,C,R,113,R-113/C,125,Residential,EH0002,Shan Malik,Royal Estate,,200000,44613,,,
369,C,R,114,R-114/C,125,Residential,EH0002,Shan Malik,Royal Estate,,200000,44613,,,
370,C,R,115,R-115/C,125,Residential,EH0002,Shan Malik,Royal Estate,,200000,44613,,,
371,C,R,116,R-116/C,125,Residential,EH0002,Shan Malik,Royal Estate,,200000,44613,,,
372,C,R,157,R-157/C,125,Residential,EH0002,Shan Malik,Wasif Estate,,200000,44613,,,
373,C,R,158,R-158/C,125,Residential,EH0002,Shan Malik,Wasif Estate,,200000,44613,,,
374,C,R,159,R-159/C,125,Residential,EH0002,Shan Malik,Wasif Estate,,200000,44613,,,
375,C,R,160,R-160/C,125,Residential,EH0002,Shan Malik,Wasif Estate,,200000,44613,,,
376,C,R,161,R-161/C,125,Residential,EH0002,Shan Malik,Wasif Estate,,200000,44613,,,
377,C,R,162,R-162/C,125,Residential,EH0002,Shan Malik,Wasif Estate,,200000,44613,,,
378,C,R,147,R-147/C,125,Residential,EH0002,Shan Malik,Royal Estate,,200000,44613,,,
379,C,R,146,R-146/C,125,Residential,EH0002,Shan Malik,Royal Estate,,200000,44613,,,
380,C,R,163,R-163/C,125,Residential,EH0002,Shan Malik,Royal Estate,,200000,44613,,,
381,C,R,164,R-164/C,125,Residential,EH0002,Shan Malik,Royal Estate,,200000,44613,,,
382,C,R,165,R-165/C,125,Residential,EH0002,Shan Malik,Royal Estate,,200000,44613,,,
383,C,R,32,R-032/C,125,Residential,EH0002,Shan Malik,Wasif Estate,,200000,44613,,,
384,C,R,33,R-033/C,125,Residential,EH0002,Shan Malik,Wasif Estate,,200000,44613,,,
385,C,R,34,R-034/C,125,Residential,EH0002,Shan Malik,Wasif Estate,,200000,44613,,,
386,C,R,35,R-035/C,125,Residential,EH0002,Shan Malik,Wasif Estate,,200000,44613,,,
387,C,R,36,R-036/C,125,Residential,EH0002,Shan Malik,Wasif Estate,,200000,44613,,,
388,C,R,37,R-037/C,125,Residential,EH0002,Shan Malik,Wasif Estate,,200000,44613,,,
389,C,R,38,R-038/C,125,Residential,EH0002,Shan Malik,Wasif Estate,,200000,44613,,,
390,C,R,39,R-039/C,125,Residential,EH0002,Shan Malik,Wasif Estate,,200000,44613,,,
391,C,R,40,R-040/C,125,Residential,EH0002,Shan Malik,Wasif Estate,,200000,44613,,,
392,C,R,41,R-041/C,125,Residential,EH0002,Shan Malik,Wasif Estate,,200000,44613,,,
393,C,R,42,R-042/C,125,Residential,EH0002,Shan Malik,Wasif Estate,,200000,44613,,,
394,C,R,43,R-043/C,125,Residential,EH0002,Shan Malik,Wasif Estate,,200000,44613,,,
395,B,L,114,L-114/B,80,Residential,EH0002,Shan Malik,Royal Estate,,100000,44613,,,
396,B,L,115,L-115/B,80,Residential,EH0002,Shan Malik,Royal Estate,,100000,44613,,,
397,B,L,119,L-119/B,80,Residential,EH0002,Shan Malik,Royal Estate,,100000,44613,,,
398,B,L,120,L-120/B,80,Residential,EH0002,Shan Malik,Wasif Estate,,100000,44613,,,
399,B,L,121,L-121/B,80,Residential,EH0002,Shan Malik,Wasif Estate,,100000,44613,,,
400,B,L,122,L-122/B,80,Residential,EH0002,Shan Malik,Wasif Estate,,100000,44613,,,
401,C,L,51,L-051/C,80,Residential,EH0002,Shan Malik,Wasif Estate,,100000,44613,,,
402,C,L,52,L-052/C,80,Residential,EH0002,Shan Malik,Wasif Estate,,100000,44613,,,
403,C,L,53,L-053/C,80,Residential,EH0002,Shan Malik,Wasif Estate,,100000,44613,,,
404,C,L,54,L-054/C,80,Residential,EH0002,Shan Malik,Wasif Estate,,100000,44613,,,
405,C,L,55,L-055/C,80,Residential,EH0002,Shan Malik,Royal Estate,,100000,44613,,,
406,C,L,56,L-056/C,80,Residential,EH0002,Shan Malik,Royal Estate,,100000,44613,,,
407,C,L,57,L-057/C,80,Residential,EH0002,Shan Malik,Royal Estate,,100000,44613,,,
408,C,L,58,L-058/C,80,Residential,EH0002,Shan Malik,Royal Estate,,100000,44613,,,
409,C,R,19,R-019/C,125,Residential,EH0002,Direct,Direct,150000,0,,,250000,
410,C,R,20,R-020/C,125,Residential,EH0002,Direct,Direct,150000,0,,,250000,
411,,,,,,,,,,,0,,,,
412,,,,,,,,,,,0,,,,
413,,,,,,,,,,,0,,,,
414,,,,,,,,,,,0,,,,
415,,,,,,,,,,,0,,,,
416,,,,,,,,,,,0,,,,
417,,,,,,,,,,,0,,,,
418,,,,,,,,,,,0,,,,
419,,,,,,,,,,,0,,,,
420,,,,,,,,,,,0,,,,
421,,,,,,,,,,,0,,,,
422,,,,,,,,,,,0,,,,
423,,,,,,,,,,,0,,,,
424,,,,,,,,,,,0,,,,
425,,,,,,,,,,,0,,,,
426,,,,,,,,,,,0,,,,
427,,,,,,,,,,,0,,,,
428,,,,,,,,,,,0,,,,
429,A,R,11,R-011/A,125,Residential,,Adeel,,,,,,,
430,A,R,12,R-012/A,125,Residential,,Adeel,,,,,,,
431,A,R,13,R-013/A,125,Residential,,Adeel,,,,,,,
432,A,R,42,R-042/A,125,Residential,,Adeel,,,,,,,
433,A,R,43,R-043/A,125,Residential,,Adeel,,,,,,,
434,B,R,61,R-061/B,125,Residential,,Adeel,,,,,,,
435,B,R,47,R-047/B,125,Residential,,Adeel,,,,,,,
436,B,R,48,R-048/B,125,Residential,,Adeel,,,,,,,
437,C,R,57,R-057/C,125,Residential,,Adeel,,,,,,,
438,C,R,58,R-058/C,125,Residential,,Adeel,,,,,,,
439,B,L,73,L-073/B,80,Residential,EH0001,Talha Wahid 2,Talha Associates,,50000,,,230000,
440,B,L,74,L-074/B,80,Residential,EH0001,Talha Wahid 2,Talha Associates,,50000,,,200000,
441,B,L,75,L-075/B,80,Residential,EH0001,Talha Wahid 2,,,50000,,,,
442,B,L,76,L-076/B,80,Residential,EH0001,Talha Wahid 2,,,50000,,,,
443,B,L,77,L-077/B,80,Residential,EH0001,Talha Wahid 2,,,50000,,,,
444,B,L,78,L-078/B,80,Residential,EH0001,Talha Wahid 2,,,50000,,,,
445,B,L,79,L-079/B,80,Residential,EH0001,Talha Wahid 2,,,50000,,,,
446,B,L,80,L-080/B,80,Residential,EH0001,Talha Wahid 2,,,50000,,,,
447,B,L,96,L-096/B,80,Residential,EH0001,Talha Wahid 2,,,50000,,,,
448,B,L,97,L-097/B,80,Residential,EH0001,Talha Wahid 2,,,50000,,,,
449,B,L,98,L-098/B,80,Residential,EH0001,Talha Wahid 2,,,50000,,,,
450,B,L,99,L-099/B,80,Residential,EH0001,Talha Wahid 2,,,50000,,,,
451,B,L,100,L-100/B,80,Residential,EH0001,Talha Wahid 2,,,50000,,,,
452,B,L,101,L-101/B,80,Residential,EH0001,Talha Wahid 2,,,50000,,,,
453,B,L,102,L-102/B,80,Residential,EH0001,Talha Wahid 2,,,50000,,,,
454,B,L,103,L-103/B,80,Residential,EH0001,Talha Wahid 2,,,50000,,,,
455,C,R,63,R-063/C,125,Residential,EH0001,Talha Wahid 2,,,50000,,,,
456,C,R,64,R-064/C,125,Residential,EH0001,Talha Wahid 2,,,50000,,,,
457,C,R,65,R-065/C,125,Residential,EH0001,Talha Wahid 2,,,50000,,,,
458,C,R,66,R-066/C,125,Residential,EH0001,Talha Wahid 2,,,50000,,,,
459,C,R,67,R-067/C,125,Residential,EH0001,Talha Wahid 2,,,50000,,,,
460,C,R,68,R-068/C,125,Residential,EH0001,Talha Wahid 2,,,50000,,,,
461,C,R,69,R-069/C,125,Residential,EH0001,Talha Wahid 2,,,50000,,,,
462,C,R,70,R-070/C,125,Residential,EH0001,Talha Wahid 2,,,50000,,,,
463,C,R,71,R-071/C,125,Residential,EH0001,Talha Wahid 2,Talha Associates,,50000,,50000,250000,
464,C,R,72,R-072/C,125,Residential,EH0001,Talha Wahid 2,Talha Associates,,50000,,50000,250000,
465,C,R,73,R-073/C,125,Residential,EH0001,Talha Wahid 2,Talha Associates,,50000,,50000,250000,
466,C,R,74,R-074/C,125,Residential,EH0001,Talha Wahid 2,Talha Associates,,50000,,50000,250000,
467,C,R,75,R-075/C,125,Residential,EH0001,Talha Wahid 2,Talha Associates,,50000,,50000,250000,
468,C,R,76,R-076/C,125,Residential,EH0001,Talha Wahid 2,,,50000,,,,
469,C,R,77,R-077/C,125,Residential,EH0001,Talha Wahid 2,,,50000,,,,
470,C,R,78,R-078/C,125,Residential,EH0001,Talha Wahid 2,Talha Associates,,50000,,50000,250000,
471,C,R,79,R-079/C,125,Residential,EH0001,Talha Wahid 2,Talha Associates,,50000,,50000,250000,
472,C,R,80,R-080/C,125,Residential,EH0001,Talha Wahid 2,Talha Associates,,50000,,50000,300000,
473,C,R,81,R-081/C,125,Residential,EH0001,Talha Wahid 2,Talha Associates,,50000,,50000,250000,
474,C,R,82,R-082/C,125,Residential,EH0001,Talha Wahid 2,Talha Associates,,50000,,50000,250000,
475,C,R,83,R-083/C,125,Residential,EH0001,Talha Wahid 2,Talha Associates,,50000,,50000,250000,
476,C,R,84,R-084/C,125,Residential,EH0001,Talha Wahid 2,,,50000,,,,
477,C,R,85,R-085/C,125,Residential,EH0001,Talha Wahid 2,,,50000,,,,
478,C,R,86,R-086/C,125,Residential,EH0001,Talha Wahid 2,,,50000,,,,
479,C,R,87,R-087/C,125,Residential,EH0001,Talha Wahid 2,,,50000,,,,
480,C,R,88,R-088/C,125,Residential,EH0001,Talha Wahid 2,,,50000,,,,
481,C,R,89,R-089/C,125,Residential,EH0001,Talha Wahid 2,,,50000,,,,
482,B,R,74,R-074/B,125,Residential,EH0001,Hazrat Shah,Hazrat Shah,,200000,44613,,250000,
483,B,R,75,R-075/B,125,Residential,EH0001,Hazrat Shah,Hazrat Shah,,200000,44613,,250000,
484,B,R,76,R-076/B,125,Residential,EH0001,Hazrat Shah,Hazrat Shah,200000,,44613,,250000,
485,B,R,77,R-077/B,125,Residential,EH0001,Hazrat Shah,Hazrat Shah,200000,,44613,,250000,
486,B,R,78,R-078/B,125,Residential,EH0001,Hazrat Shah,Hazrat Shah,200000,,44613,,250000,
487,A,R,39,R-039/A,125,Residential,EH0001,Hazrat Shah,Hazrat Shah,,200000,44613,,250000,
488,A,R,40,R-040/A,125,Residential,EH0001,Hazrat Shah,Hazrat Shah,,200000,44613,,250000,
489,A,R,41,R-041/A,125,Residential,EH0001,Hazrat Shah,Hazrat Shah,,200000,44613,,250000,
490,C,R,90,R-090/C,125,Residential,EH0001,Hazrat Shah,Hazrat Shah,,200000,44613,,250000,
491,C,R,91,R-091/C,125,Residential,EH0001,Hazrat Shah,Hazrat Shah,200000,,44613,,250000,
492,,,,,,,EH0002,,,,25000,44614,,,3213990037
493,,,,,,,EH0002,,,,25000,44614,,,
494,,,,,,,EH0002,,,,25000,44614,,,
495,,,,,,,EH0002,,,,25000,44614,,,
496,A,R,261,R-261/A,125,Residential,EH0001,Kaka,Kaka,,150000,,,250000,
497,A,R,262,R-262/A,125,Residential,EH0001,Kaka,Kaka,,150000,,,250000,
498,A,R,263,R-263/A,125,Residential,EH0001,Kaka,Kaka,,150000,,,250000,
499,A,R,264,R-264/A,125,Residential,EH0001,Kaka,Kaka,,150000,,,,
500,A,R,245,R-245/A,125,Residential,EH0001,Kaka,Kaka,,150000,,,,
501,A,R,153,R-153/A,125,Residential,EH0002,Amin ,Amin,25000,75000,,,300000,
502,A,R,154,R-154/A,125,Residential,EH0002,Amin ,Amin,25000,75000,,,300000,
503,A,R,90,R-090/A,125,Residential,EH0001,Direct,Direct,300000,,,,1100000,
504,B,L,46,L-046/B,80,Residential,EH0001,Direct,Direct,,,,,200000,
505,,,,,,,,,,,,,,,
506,A,R,108,R-108/A,125,Residential,EH0001,Direct,Direct,,,,,150000,
507,A,R,107,R-107/A,125,Residential,EH0001,Direct,Direct,,,,,150000,
508,A,R,10,R-010/A,125,Residential,EH0001,Direct,Direct,250000,,,,1150000,
509,A,R,1,R-001/A,125,Residential,EH0001,Direct,Direct,,,,,500000,
510,C,R,117,R-117/C,125,Residential,EH0002,Direct,Direct,,,,,250000,
511,C,R,118,R-118/C,125,Residential,EH0002,Direct,Direct,,,,,250000,
512,A,R,244,R-244/A,125,Residential,EH0001,Direct,Direct,,,,,250000,
513,A,R,243,R-243/A,125,Residential,EH0001,Direct,Direct,,,,,100000,
514,B,L,111,L-111/B,80,Residential,EH0002,Ghani,Ghani,150000,10000,,,300000,
515,B,R,62,R-062/B,125,Residential,EH0002,Bugti,Bugti,100000,12500,,,250000,
516,B,R,63,R-063/B,125,Residential,EH0002,Bugti,Bugti,100000,12500,,,250000,
517,A,R,229,R-229/A,125,Residential,EH0002,Direct,Direct,150000,,,,300000,
518,A,R,230,R-230/A,125,Residential,EH0002,Direct,Direct,150000,,,,300000,
519,A,R,79,R-079/A,125,Residential,EH0001,Talha 10,Talha Associates,,,,,300000,
520,A,R,88,R-088/A,125,Residential,EH0001,Talha 10,Talha Associates,,,,,300000,
521,A,R,81,R-081/A,125,Residential,EH0001,Talha 10,Talha Associates,,,,,250000,
522,A,R,82,R-082/A,125,Residential,EH0001,Talha 10,Talha Associates,,,,,250000,
523,A,R,80,R-080/A,125,Residential,EH0001,Talha 10,Talha Associates,,,,,250000,
524,,,,,,,EH0001,,,,,,,,
525,B,LS,7,LS-007/B,90,Commercial,EH0002,Direct,Direct,,,,,700000,
526,A,R,252,R-252/A,125,Residential,EH0002,Fareed Bilal Estate,Fareed Bilal Estate,,50000,,,300000,
527,A,R,253,R-253/A,125,Residential,EH0002,Fareed Bilal Estate,Fareed Bilal Estate,,50000,,,300000,
528,A,R,254,R-254/A,125,Residential,EH0002,Fareed Bilal Estate,Fareed Bilal Estate,,50000,,,300000,
529,B,L,112,L-112/B,80,Residential,EH0002,Ghani,Ghani,150000,10000,,,300000,
530,A,R,227,R-227/A,125,Residential,EH0001,Direct,Direct,400000,,,,1000000,
531,A,R,228,R-228/A,125,Residential,EH0001,Direct,Direct,400000,,,,1000000,
532,A,R,202,R-202/A,125,Residential,EH0001,Direct,Direct,600000,,,,800000,
533,A,R,203,R-203/A,125,Residential,EH0001,Direct,Direct,600000,,,,800000,
534,C,R,21,R-021/C,125,Residential,EH0001,Hazrat Shah,Hazrat Shah,200000,,,,,
535,C,R,22,R-022/C,125,Residential,EH0001,Hazrat Shah,Hazrat Shah,200000,,,,,
536,C,R,23,R-023/C,125,Residential,EH0001,Hazrat Shah,Hazrat Shah,200000,,,,,
537,A,R,2,R-002/A,125,Residential,EH0001,Hazrat Shah,Hazrat Shah,200000,,,,250000,
538,A,R,100,R-100/A,125,Residential,EH0001,Hazrat Shah,Hazrat Shah,200000,,,,250000,
539,A,R,83,R-083/A,125,Residential,,Talha 10,Talha Associates,,,,,,
540,A,R,84,R-084/A,125,Residential,,Talha 10,Talha Associates,,,,,,
541,A,R,85,R-085/A,125,Residential,,Talha 10,Talha Associates,,,,,,
542,A,R,86,R-086/A,125,Residential,,Talha 10,Talha Associates,,,,,,
543,A,R,87,R-087/A,125,Residential,,Talha 10,Talha Associates,,,,,,
544,A,R,194,R-194/A,125,Residential,EH0001,Direct,Direct,100000,,,,500000,
545,A,R,209,R-209/A,125,Residential,EH0001,Direct,Direct,200000,,,,1200000,
546,B,SR,15,SR-015/B,100,Commercial,EH0001,Habib,Habib,1000000,,,,2000000,Cost of Land west open charges paid
547,A,R,101,R-101/A,125,Residential,EH0001,Habib,Habib,600000,,,,800000,Cost of Land Paid
548,B,L,81,L-081/B,80,Residential,EH0001,Direct,Direct,,,,,800000,
549,B,L,82,L-082/B,80,Residential,EH0001,Direct,Direct,,,,,800000,
